reporting_area,lat,long,geom,reporting_cluster
1,42.39020399909089,-70.9967187307273,POINT(-70.9967187307273 42.39020399909089),211
10,42.38874486606501,-71.00847405534289,POINT(-71.00847405534289 42.38874486606501),371
100,42.35789957921487,-71.05475322458682,POINT(-71.05475322458682 42.35789957921487),85
101,42.357646679987276,-71.05411256057393,POINT(-71.05411256057393 42.357646679987276),85
102,42.3564002266129,-71.06145962225473,POINT(-71.06145962225473 42.3564002266129),165
103,42.356928032902985,-71.05999660942211,POINT(-71.05999660942211 42.356928032902985),222
104,42.35632057196801,-71.05917460629331,POINT(-71.05917460629331 42.35632057196801),222
105,42.35628338561069,-71.06132111984934,POINT(-71.06132111984934 42.35628338561069),165
106,42.35384590974459,-71.0571094934681,POINT(-71.0571094934681 42.35384590974459),344
107,42.35594027802821,-71.05721936422532,POINT(-71.05721936422532 42.35594027802821),222
108,42.35484833819839,-71.0551263509921,POINT(-71.0551263509921 42.35484833819839),344
11,42.389630310174205,-71.01580069693392,POINT(-71.01580069693392 42.389630310174205),126
110,42.35543149571421,-71.0527768114837,POINT(-71.0527768114837 42.35543149571421),268
111,42.35385903806459,-71.06302447617473,POINT(-71.06302447617473 42.35385903806459),363
112,42.35398615874123,-71.06132186936821,POINT(-71.06132186936821 42.35398615874123),363
113,42.35350251084639,-71.05894581502638,POINT(-71.05894581502638 42.35350251084639),344
114,42.35381792945395,-71.05272170810368,POINT(-71.05272170810368 42.35381792945395),268
115,42.35116642898728,-71.05899925942613,POINT(-71.05899925942613 42.35116642898728),23
116,42.35136136394572,-71.060228972143,POINT(-71.060228972143 42.35136136394572),23
117,42.35085211135758,-71.06381178482462,POINT(-71.06381178482462 42.35085211135758),207
118,42.35158016787038,-71.06628162356036,POINT(-71.06628162356036 42.35158016787038),312
119,42.35532060832475,-71.06347754197775,POINT(-71.06347754197775 42.35532060832475),363
12,42.38628534764983,-71.01264468848458,POINT(-71.01264468848458 42.38628534764983),313
120,42.351914606212134,-71.06875496554592,POINT(-71.06875496554592 42.351914606212134),312
121,42.35025890354872,-71.06570513235432,POINT(-71.06570513235432 42.35025890354872),207
122,42.34875899438042,-71.06568969821298,POINT(-71.06568969821298 42.34875899438042),207
123,42.34923615283305,-71.06467225084411,POINT(-71.06467225084411 42.34923615283305),207
124,42.34938743689399,-71.06113892507575,POINT(-71.06113892507575 42.34938743689399),23
125,42.35005967211174,-71.0686469264183,POINT(-71.0686469264183 42.35005967211174),84
126,42.34853756218179,-71.06794284736364,POINT(-71.06794284736364 42.34853756218179),84
127,42.34856672144022,-71.06526428448376,POINT(-71.06526428448376 42.34856672144022),207
128,42.348762306670864,-71.07177129276539,POINT(-71.07177129276539 42.348762306670864),374
129,42.35043058327906,-71.0749986293508,POINT(-71.0749986293508 42.35043058327906),328
13,42.381860316901424,-71.01277354112675,POINT(-71.01277354112675 42.381860316901424),205
130,42.34888689528768,-71.07734530844552,POINT(-71.07734530844552 42.34888689528768),22
131,42.35435333895661,-71.07590095950239,POINT(-71.07590095950239 42.35435333895661),82
132,42.35332717375432,-71.0755008430035,POINT(-71.0755008430035 42.35332717375432),82
133,42.35194954349681,-71.07477366166877,POINT(-71.07477366166877 42.35194954349681),328
134,42.350917066747115,-71.07523336550148,POINT(-71.07523336550148 42.350917066747115),328
135,42.35255127096238,-71.08217431755872,POINT(-71.08217431755872 42.35255127096238),301
136,42.351439488702276,-71.08209570793879,POINT(-71.08209570793879 42.351439488702276),301
137,42.348565820839944,-71.0815880212924,POINT(-71.0815880212924 42.348565820839944),180
138,42.34954522738805,-71.08070615665636,POINT(-71.08070615665636 42.34954522738805),180
139,42.351113975848506,-71.08752371290913,POINT(-71.08752371290913 42.351113975848506),416
14,42.38097820104166,-71.02006177702383,POINT(-71.02006177702383 42.38097820104166),60
140,42.350159335833425,-71.08681877322223,POINT(-71.08681877322223 42.350159335833425),416
141,42.348742768552476,-71.08715833135909,POINT(-71.08715833135909 42.348742768552476),157
142,42.34843974890501,-71.08603294436512,POINT(-71.08603294436512 42.34843974890501),157
143,42.34808083155842,-71.08218135539035,POINT(-71.08218135539035 42.34808083155842),180
144,42.34540785002137,-71.08542124339068,POINT(-71.08542124339068 42.34540785002137),348
145,42.34366878861835,-71.0833239983271,POINT(-71.0833239983271 42.34366878861835),91
146,42.346411043939916,-71.07931337260464,POINT(-71.07931337260464 42.346411043939916),438
147,42.33419138920315,-71.07997426807201,POINT(-71.07997426807201 42.33419138920315),64
148,42.34274096138208,-71.0798225195935,POINT(-71.0798225195935 42.34274096138208),210
149,42.345885314433495,-71.07645238480427,POINT(-71.07645238480427 42.345885314433495),163
15,42.381503937571054,-71.0221839659431,POINT(-71.0221839659431 42.381503937571054),60
150,42.34522239842795,-71.07480582722698,POINT(-71.07480582722698 42.34522239842795),163
151,42.34577581986686,-71.07128668297352,POINT(-71.07128668297352 42.34577581986686),472
152,42.344268696603386,-71.07218742209032,POINT(-71.07218742209032 42.344268696603386),306
153,42.34441850392186,-71.07395632568786,POINT(-71.07395632568786 42.34441850392186),163
154,42.3417173115209,-71.07818674106466,POINT(-71.07818674106466 42.3417173115209),210
155,42.3405168764525,-71.07988786399116,POINT(-71.07988786399116 42.3405168764525),210
156,42.33870535566868,-71.07833295271357,POINT(-71.07833295271357 42.33870535566868),210
157,42.34056151753677,-71.07574946892964,POINT(-71.07574946892964 42.34056151753677),422
158,42.34171083594163,-71.07379358045446,POINT(-71.07379358045446 42.34171083594163),306
159,42.34270746333333,-71.07219383900987,POINT(-71.07219383900987 42.34270746333333),306
16,42.3819470238143,-71.02906179664924,POINT(-71.02906179664924 42.3819470238143),375
160,42.34405770645425,-71.06967336999988,POINT(-71.06967336999988 42.34405770645425),45
161,42.34651044851928,-71.06842522810942,POINT(-71.06842522810942 42.34651044851928),84
162,42.344936841989636,-71.06403528634178,POINT(-71.06403528634178 42.344936841989636),357
163,42.34296813397188,-71.06809462121494,POINT(-71.06809462121494 42.34296813397188),45
164,42.34263479352492,-71.06659006684995,POINT(-71.06659006684995 42.34263479352492),394
165,42.34234557714145,-71.06568982390232,POINT(-71.06568982390232 42.34234557714145),394
166,42.34126133407697,-71.07065475148113,POINT(-71.07065475148113 42.34126133407697),121
167,42.32190597106297,-71.04667909827116,POINT(-71.04667909827116 42.32190597106297),100
168,42.33825792536776,-71.07363239735304,POINT(-71.07363239735304 42.33825792536776),247
169,42.33696447458343,-71.0706807944444,POINT(-71.0706807944444 42.33696447458343),247
17,42.379912432188895,-71.02833487674624,POINT(-71.02833487674624 42.379912432188895),98
170,42.33602506629952,-71.07595353877036,POINT(-71.07595353877036 42.33602506629952),13
171,42.33643197901495,-71.07238195212372,POINT(-71.07238195212372 42.33643197901495),247
172,42.33511643523757,-71.07050734930257,POINT(-71.07050734930257 42.33511643523757),247
173,42.35015564377765,-71.0564131836667,POINT(-71.0564131836667 42.35015564377765),324
174,42.33293378594979,-71.05915317294978,POINT(-71.05915317294978 42.33293378594979),396
175,42.329078709283934,-71.0702793203325,POINT(-71.0702793203325 42.329078709283934),319
176,42.3300139754592,-71.06616014076532,POINT(-71.06616014076532 42.3300139754592),132
177,42.340481466292125,-71.06637948163176,POINT(-71.06637948163176 42.340481466292125),394
178,42.33054730832459,-71.07039291291666,POINT(-71.07039291291666 42.33054730832459),319
179,42.33600140332568,-71.07436292468688,POINT(-71.07436292468688 42.33600140332568),13
18,42.37837423607841,-71.02780669000005,POINT(-71.02780669000005 42.37837423607841),98
180,42.32660857861094,-71.0742870005926,POINT(-71.0742870005926 42.32660857861094),476
181,42.32492371851027,-71.07152435745874,POINT(-71.07152435745874 42.32492371851027),31
182,42.32293171275934,-71.07003847447089,POINT(-71.07003847447089 42.32293171275934),31
183,42.32077641902836,-71.07093582761105,POINT(-71.07093582761105 42.32077641902836),173
184,42.32286276755167,-71.07257374356966,POINT(-71.07257374356966 42.32286276755167),391
185,42.322528026846115,-71.06314285300006,POINT(-71.06314285300006 42.322528026846115),339
186,42.32630326867385,-71.06260523979988,POINT(-71.06260523979988 42.32630326867385),204
187,42.32477351458435,-71.05830125558182,POINT(-71.05830125558182 42.32477351458435),415
188,42.32190641895045,-71.05971822673467,POINT(-71.05971822673467 42.32190641895045),77
189,42.32295304673643,-71.05634963807542,POINT(-71.05634963807542 42.32295304673643),167
19,42.3782110740084,-71.03192609483136,POINT(-71.03192609483136 42.3782110740084),234
190,42.32280731833333,-71.05221125999999,POINT(-71.05221125999999 42.32280731833333),341
191,42.32890399205767,-71.05736156650208,POINT(-71.05736156650208 42.32890399205767),201
192,42.32897256528237,-71.05516558355478,POINT(-71.05516558355478 42.32897256528237),482
193,42.33015052108306,-71.05442344213009,POINT(-71.05442344213009 42.33015052108306),482
194,42.330785186860936,-71.05645365683883,POINT(-71.05645365683883 42.330785186860936),201
195,42.332980140044455,-71.0551550933779,POINT(-71.0551550933779 42.332980140044455),181
196,42.33629832439659,-71.05627097456906,POINT(-71.05627097456906 42.33629832439659),75
197,42.33628263171054,-71.05520434296047,POINT(-71.05520434296047 42.33628263171054),75
199,42.340310151523845,-71.05615624901588,POINT(-71.05615624901588 42.340310151523845),243
2,42.39206570511111,-71.00371850884451,POINT(-71.00371850884451 42.39206570511111),296
20,42.37707271835417,-71.03102138635418,POINT(-71.03102138635418 42.37707271835417),234
200,42.34147590932936,-71.05493220476514,POINT(-71.05493220476514 42.34147590932936),243
201,42.340195715590404,-71.0521755795801,POINT(-71.0521755795801 42.340195715590404),2
202,42.34122228239584,-71.05045856640625,POINT(-71.05045856640625 42.34122228239584),2
203,42.346634799637975,-71.04417470199091,POINT(-71.04417470199091 42.346634799637975),107
204,42.344992084592576,-71.05282683948141,POINT(-71.05282683948141 42.344992084592576),347
205,42.34898863829158,-71.05013557779164,POINT(-71.05013557779164 42.34898863829158),362
206,42.35199097487503,-71.04774038327467,POINT(-71.04774038327467 42.35199097487503),136
208,42.33835633631579,-71.03208680073683,POINT(-71.03208680073683 42.33835633631579),174
209,42.34000784705886,-71.0393641698395,POINT(-71.0393641698395 42.34000784705886),189
21,42.374572920398364,-71.03368929034153,POINT(-71.03368929034153 42.374572920398364),16
210,42.34412962182851,-71.0444745939429,POINT(-71.0444745939429 42.34412962182851),107
211,42.33919967610837,-71.05019061578828,POINT(-71.05019061578828 42.33919967610837),2
213,42.336976502867884,-71.04702176787734,POINT(-71.04702176787734 42.336976502867884),140
214,42.33638022353413,-71.04890563226951,POINT(-71.04890563226951 42.33638022353413),140
215,42.335427697565585,-71.05149535348318,POINT(-71.05149535348318 42.335427697565585),410
216,42.33345096806153,-71.05407602393858,POINT(-71.05407602393858 42.33345096806153),181
217,42.3323995783333,-71.04969699500003,POINT(-71.04969699500003 42.3323995783333),238
218,42.32890929,-71.05260009,POINT(-71.05260009 42.32890929),35
219,42.330180183112155,-71.04736370938228,POINT(-71.04736370938228 42.330180183112155),387
22,42.37545196682828,-71.03607339604851,POINT(-71.03607339604851 42.37545196682828),334
220,42.33404139461419,-71.04627538922847,POINT(-71.04627538922847 42.33404139461419),466
221,42.335617908242774,-71.04267537178904,POINT(-71.04267537178904 42.335617908242774),231
223,42.33689603021168,-71.0306688403704,POINT(-71.0306688403704 42.33689603021168),174
224,42.337020703675925,-71.02755244620565,POINT(-71.02755244620565 42.337020703675925),253
225,42.33502967721413,-71.04241420979469,POINT(-71.04241420979469 42.33502967721413),231
226,42.3349976758364,-71.03691443929382,POINT(-71.03691443929382 42.3349976758364),158
227,42.334785750060654,-71.03151923860612,POINT(-71.03151923860612 42.334785750060654),38
228,42.33485804107473,-71.02713937757015,POINT(-71.02713937757015 42.33485804107473),253
229,42.33762126819044,-71.04731085101598,POINT(-71.04731085101598 42.33762126819044),140
23,42.37666880583341,-71.03677254001158,POINT(-71.03677254001158 42.37666880583341),334
230,42.33306285354739,-71.03657665611621,POINT(-71.03657665611621 42.33306285354739),158
231,42.332677399861915,-71.03149543419897,POINT(-71.03149543419897 42.332677399861915),38
232,42.333156406926825,-71.0275010003902,POINT(-71.0275010003902 42.333156406926825),253
233,42.33125509358596,-71.04222485941686,POINT(-71.04222485941686 42.33125509358596),27
234,42.33106591130823,-71.0364390642796,POINT(-71.0364390642796 42.33106591130823),158
235,42.3201407749812,-71.05552999398878,POINT(-71.05552999398878 42.3201407749812),215
236,42.31990808410254,-71.05866467871796,POINT(-71.05866467871796 42.31990808410254),77
237,42.319930795871706,-71.06367149289905,POINT(-71.06367149289905 42.319930795871706),339
238,42.31860995579735,-71.06637478275861,POINT(-71.06637478275861 42.31860995579735),79
239,42.3175625152894,-71.06516523556259,POINT(-71.06516523556259 42.3175625152894),79
24,42.37912061710901,-71.03775978696952,POINT(-71.03775978696952 42.37912061710901),89
240,42.319054500497224,-71.06170146420959,POINT(-71.06170146420959 42.319054500497224),185
241,42.31732221480002,-71.06301442646662,POINT(-71.06301442646662 42.31732221480002),185
242,42.3165668151501,-71.06190345025004,POINT(-71.06190345025004 42.3165668151501),185
243,42.316070616346856,-71.0605358558303,POINT(-71.0605358558303 42.316070616346856),185
244,42.31727451420075,-71.05798831721319,POINT(-71.05798831721319 42.31727451420075),77
245,42.317697369392654,-71.05444325978303,POINT(-71.05444325978303 42.317697369392654),215
246,42.31587446189912,-71.0546187737092,POINT(-71.0546187737092 42.31587446189912),215
247,42.31405066547619,-71.05797248505507,POINT(-71.05797248505507 42.31405066547619),10
248,42.31420194034374,-71.05717883494839,POINT(-71.05717883494839 42.31420194034374),10
249,42.313429678674275,-71.05398644577532,POINT(-71.05398644577532 42.313429678674275),337
25,42.38177296518803,-71.03658582321656,POINT(-71.03658582321656 42.38177296518803),473
250,42.312049759068344,-71.04998583055907,POINT(-71.04998583055907 42.312049759068344),72
251,42.31028383375,-71.05063738553572,POINT(-71.05063738553572 42.31028383375),494
252,42.30946254485875,-71.05012385508475,POINT(-71.05012385508475 42.30946254485875),494
253,42.301613908541675,-71.05343714287493,POINT(-71.05343714287493 42.301613908541675),390
254,42.309990533980994,-71.0569954312358,POINT(-71.0569954312358 42.309990533980994),281
255,42.31101113428272,-71.05828191249009,POINT(-71.05828191249009 42.31101113428272),281
256,42.31784710957603,-71.04520283766627,POINT(-71.04520283766627 42.31784710957603),369
257,42.318201489617834,-71.06590098358268,POINT(-71.06590098358268 42.318201489617834),79
258,42.31666218894569,-71.06760319586877,POINT(-71.06760319586877 42.31666218894569),79
259,42.31384725640606,-71.07248650422723,POINT(-71.07248650422723 42.31384725640606),36
26,42.377461072593846,-71.03989797595145,POINT(-71.03989797595145 42.377461072593846),89
260,42.31821083327199,-71.07181504294469,POINT(-71.07181504294469 42.31821083327199),173
261,42.320130143487894,-71.07325814016693,POINT(-71.07325814016693 42.320130143487894),173
262,42.32213188291455,-71.07435995111703,POINT(-71.07435995111703 42.32213188291455),391
263,42.323186177386305,-71.07485620905304,POINT(-71.07485620905304 42.323186177386305),391
264,42.31949752127466,-71.07659123934039,POINT(-71.07659123934039 42.31949752127466),280
265,42.321595898525175,-71.07892264817777,POINT(-71.07892264817777 42.321595898525175),123
266,42.32683661093895,-71.0823343066392,POINT(-71.0823343066392 42.32683661093895),177
267,42.32655807156618,-71.07731499271071,POINT(-71.07731499271071 42.32655807156618),266
268,42.328824432080225,-71.07735576233992,POINT(-71.07735576233992 42.328824432080225),266
269,42.330716703493984,-71.07544995614455,POINT(-71.07544995614455 42.330716703493984),379
27,42.36970392332372,-71.04097247462758,POINT(-71.04097247462758 42.36970392332372),76
270,42.33373726161942,-71.07587065582577,POINT(-71.07587065582577 42.33373726161942),184
271,42.33480318020738,-71.07688511312202,POINT(-71.07688511312202 42.33480318020738),184
272,42.334345280491014,-71.07820154870545,POINT(-71.07820154870545 42.334345280491014),184
273,42.33719650500664,-71.0793432063421,POINT(-71.0793432063421 42.33719650500664),137
274,42.33844420280216,-71.08311794747257,POINT(-71.08311794747257 42.33844420280216),187
275,42.3345789509629,-71.08220121111123,POINT(-71.08220121111123 42.3345789509629),276
276,42.33204503658589,-71.08058096635393,POINT(-71.08058096635393 42.33204503658589),64
277,42.33179570636363,-71.0810308331818,POINT(-71.0810308331818 42.33179570636363),64
278,42.33396774743083,-71.07733674917004,POINT(-71.07733674917004 42.33396774743083),184
279,42.32875854200294,-71.08119208739586,POINT(-71.08119208739586 42.32875854200294),177
28,42.3716936293252,-71.03882087742286,POINT(-71.03882087742286 42.3716936293252),206
280,42.32938742240729,-71.08347677933364,POINT(-71.08347677933364 42.32938742240729),338
281,42.33087850150952,-71.08152209983635,POINT(-71.08152209983635 42.33087850150952),64
282,42.33162881579312,-71.08251140960753,POINT(-71.08251140960753 42.33162881579312),338
283,42.34041040942098,-71.08834695932457,POINT(-71.08834695932457 42.34041040942098),227
284,42.33670643805196,-71.08306113885722,POINT(-71.08306113885722 42.33670643805196),276
285,42.33655611950474,-71.08488693900915,POINT(-71.08488693900915 42.33655611950474),276
286,42.334339554444476,-71.0863063478731,POINT(-71.0863063478731 42.334339554444476),124
287,42.33105265971733,-71.08386678113024,POINT(-71.08386678113024 42.33105265971733),338
288,42.329748964333334,-71.08565533383575,POINT(-71.08565533383575 42.329748964333334),338
289,42.32770929787361,-71.08815705811375,POINT(-71.08815705811375 42.32770929787361),47
29,42.37002230956568,-71.03800146386538,POINT(-71.03800146386538 42.37002230956568),206
290,42.330799910310496,-71.0923862598448,POINT(-71.0923862598448 42.330799910310496),168
291,42.32920660475282,-71.09378481982628,POINT(-71.09378481982628 42.32920660475282),168
292,42.328756246699385,-71.08786206928106,POINT(-71.08786206928106 42.328756246699385),47
293,42.32612491594827,-71.0901497338148,POINT(-71.0901497338148 42.32612491594827),489
294,42.32550017282166,-71.08622744207653,POINT(-71.08622744207653 42.32550017282166),152
295,42.324684530312545,-71.08437421446426,POINT(-71.08437421446426 42.324684530312545),355
296,42.32341874011012,-71.0815819677203,POINT(-71.0815819677203 42.32341874011012),417
297,42.321953175719415,-71.08374225645618,POINT(-71.08374225645618 42.321953175719415),417
298,42.322551416617145,-71.08698979414895,POINT(-71.08698979414895 42.322551416617145),152
299,42.32473310652171,-71.08751295043484,POINT(-71.08751295043484 42.32473310652171),152
3,42.3866759766304,-70.99963812288033,POINT(-70.99963812288033 42.3866759766304),434
30,42.36940912320354,-71.0352188538408,POINT(-71.0352188538408 42.36940912320354),120
300,42.32350552969236,-71.09188948128198,POINT(-71.09188948128198 42.32350552969236),356
301,42.325061078846204,-71.09541261335904,POINT(-71.09541261335904 42.325061078846204),459
302,42.32373381565126,-71.09823960990822,POINT(-71.09823960990822 42.32373381565126),216
303,42.31896759593409,-71.09916360550582,POINT(-71.09916360550582 42.31896759593409),43
304,42.31899392614874,-71.0967576983044,POINT(-71.0967576983044 42.31899392614874),437
305,42.32019416551154,-71.09050631278309,POINT(-71.09050631278309 42.32019416551154),452
306,42.31819973166301,-71.09406926533944,POINT(-71.09406926533944 42.31819973166301),40
307,42.31638817741398,-71.09491473535459,POINT(-71.09491473535459 42.31638817741398),40
308,42.31901137880211,-71.08776971891874,POINT(-71.08776971891874 42.31901137880211),349
309,42.319430244808004,-71.08406070861467,POINT(-71.08406070861467 42.319430244808004),14
31,42.373030269708046,-71.03268729116779,POINT(-71.03268729116779 42.373030269708046),16
310,42.31794380271779,-71.08456165285716,POINT(-71.08456165285716 42.31794380271779),14
311,42.31842050084124,-71.07982757762461,POINT(-71.07982757762461 42.31842050084124),449
312,42.31674745422679,-71.08930282154664,POINT(-71.08930282154664 42.31674745422679),190
313,42.31556786618372,-71.08512487859102,POINT(-71.08512487859102 42.31556786618372),458
314,42.31477496611827,-71.0905054268984,POINT(-71.0905054268984 42.31477496611827),190
315,42.31340036602261,-71.08680902064917,POINT(-71.08680902064917 42.31340036602261),112
316,42.31325241774037,-71.09224383058293,POINT(-71.09224383058293 42.31325241774037),329
317,42.31640912763494,-71.08614997448223,POINT(-71.08614997448223 42.31640912763494),458
318,42.30970793894297,-71.089720918734,POINT(-71.089720918734 42.30970793894297),131
319,42.30745655000577,-71.08731173631833,POINT(-71.08731173631833 42.30745655000577),131
32,42.368927406979864,-71.03293873288592,POINT(-71.03293873288592 42.368927406979864),120
320,42.31013188846094,-71.08446507353241,POINT(-71.08446507353241 42.31013188846094),155
321,42.31201681982116,-71.0826442901432,POINT(-71.0826442901432 42.31201681982116),155
322,42.314311886885854,-71.08181575024226,POINT(-71.08181575024226 42.314311886885854),372
323,42.31526470258065,-71.08154657478492,POINT(-71.08154657478492 42.31526470258065),372
324,42.31731589229966,-71.07643266515872,POINT(-71.07643266515872 42.31731589229966),409
325,42.315218247702944,-71.07667343531955,POINT(-71.07667343531955 42.315218247702944),409
326,42.312569937217695,-71.07768254078312,POINT(-71.07768254078312 42.312569937217695),485
327,42.314614929932574,-71.07399906859406,POINT(-71.07399906859406 42.314614929932574),36
328,42.310482450845875,-71.07523890974157,POINT(-71.07523890974157 42.310482450845875),289
329,42.30853056619334,-71.08001231114497,POINT(-71.08001231114497 42.30853056619334),424
33,42.3665799605582,-71.03270995839536,POINT(-71.03270995839536 42.3665799605582),403
330,42.305580299199015,-71.08336614247023,POINT(-71.08336614247023 42.305580299199015),21
331,42.31264735335384,-71.06955830310652,POINT(-71.06955830310652 42.31264735335384),169
332,42.31339732593049,-71.06679648058889,POINT(-71.06679648058889 42.31339732593049),366
333,42.31052065058033,-71.07092322196227,POINT(-71.07092322196227 42.31052065058033),169
334,42.31016636135438,-71.06506829030934,POINT(-71.06506829030934 42.31016636135438),305
335,42.30814988127816,-71.06726384500033,POINT(-71.06726384500033 42.30814988127816),116
336,42.30587710503451,-71.06887215041615,POINT(-71.06887215041615 42.30587710503451),37
337,42.305779518224014,-71.0738656453155,POINT(-71.0738656453155 42.305779518224014),474
338,42.3095680113159,-71.0626690807332,POINT(-71.0626690807332 42.3095680113159),305
339,42.30846674762455,-71.06036508736081,POINT(-71.06036508736081 42.30846674762455),240
34,42.3653417835742,-71.03360204699615,POINT(-71.03360204699615 42.3653417835742),403
340,42.30606760292723,-71.06572244885696,POINT(-71.06572244885696 42.30606760292723),116
341,42.30497303136371,-71.06729203552172,POINT(-71.06729203552172 42.30497303136371),37
342,42.30333476979885,-71.06907888968092,POINT(-71.06907888968092 42.30333476979885),464
343,42.33653286568628,-71.05500194986958,POINT(-71.05500194986958 42.33653286568628),75
344,42.30360151738608,-71.0693723201181,POINT(-71.0693723201181 42.30360151738608),464
345,42.31028212384865,-71.06981264415552,POINT(-71.06981264415552 42.31028212384865),169
346,42.30527677730288,-71.06248567338011,POINT(-71.06248567338011 42.30527677730288),240
347,42.30625175538927,-71.06048672068714,POINT(-71.06048672068714 42.30625175538927),240
348,42.305445348244675,-71.0585819938461,POINT(-71.0585819938461 42.305445348244675),240
349,42.303463666887616,-71.05981305606387,POINT(-71.05981305606387 42.303463666887616),53
35,42.36732023704613,-71.03845103281836,POINT(-71.03845103281836 42.36732023704613),206
350,42.30277103618036,-71.05866156412854,POINT(-71.05866156412854 42.30277103618036),53
351,42.300227002915754,-71.0592342960267,POINT(-71.0592342960267 42.300227002915754),480
352,42.300910160584486,-71.06340212965561,POINT(-71.06340212965561 42.300910160584486),350
353,42.299580262445645,-71.05028128146739,POINT(-71.05028128146739 42.299580262445645),133
354,42.3018432971919,-71.06087773510149,POINT(-71.06087773510149 42.3018432971919),480
355,42.297452595225145,-71.05956991779884,POINT(-71.05956991779884 42.297452595225145),178
356,42.29903520145732,-71.06249023855942,POINT(-71.06249023855942 42.29903520145732),94
357,42.299457191633394,-71.07023449960803,POINT(-71.07023449960803 42.299457191633394),258
358,42.29815106523536,-71.06704742529239,POINT(-71.06704742529239 42.29815106523536),429
359,42.29497243662154,-71.0702628326908,POINT(-71.0702628326908 42.29497243662154),212
36,42.37033243331683,-71.0240559685149,POINT(-71.0240559685149 42.37033243331683),141
360,42.2971962875691,-71.06281227864663,POINT(-71.06281227864663 42.2971962875691),94
361,42.29392371302735,-71.06418739359115,POINT(-71.06418739359115 42.29392371302735),450
362,42.29235898162541,-71.07071582142832,POINT(-71.07071582142832 42.29235898162541),212
363,42.29400389610076,-71.06087020408583,POINT(-71.06087020408583 42.29400389610076),251
364,42.29500366158508,-71.05775018638325,POINT(-71.05775018638325 42.29500366158508),178
365,42.291379688225454,-71.0605378989092,POINT(-71.0605378989092 42.291379688225454),251
366,42.28973668422278,-71.06049003720199,POINT(-71.06049003720199 42.28973668422278),69
367,42.29743950439595,-71.05774026593274,POINT(-71.05774026593274 42.29743950439595),178
368,42.29432087285235,-71.05328092560406,POINT(-71.05328092560406 42.29432087285235),325
369,42.29462834775934,-71.05113235153523,POINT(-71.05113235153523 42.29462834775934),325
37,42.383424036826945,-71.06577925951912,POINT(-71.06577925951912 42.383424036826945),322
370,42.29635907625882,-71.04861856304944,POINT(-71.04861856304944 42.29635907625882),444
372,42.29032998445857,-71.04059717229303,POINT(-71.04059717229303 42.29032998445857),298
373,42.292246115634256,-71.04832583358515,POINT(-71.04832583358515 42.292246115634256),352
374,42.29063856584342,-71.04696044566263,POINT(-71.04696044566263 42.29063856584342),352
375,42.28793632954848,-71.04545149851619,POINT(-71.04545149851619 42.28793632954848),264
376,42.28700553319144,-71.04156627666667,POINT(-71.04156627666667 42.28700553319144),90
377,42.2912138638591,-71.05141473104014,POINT(-71.05141473104014 42.2912138638591),20
378,42.2880206869684,-71.05078792781073,POINT(-71.05078792781073 42.2880206869684),448
379,42.28419893875304,-71.05379854295833,POINT(-71.05379854295833 42.28419893875304),321
38,42.37589416063026,-71.05258844867335,POINT(-71.05258844867335 42.37589416063026),340
380,42.28509002407644,-71.04868381280254,POINT(-71.04868381280254 42.28509002407644),68
381,42.286594358566134,-71.04571228731608,POINT(-71.04571228731608 42.286594358566134),264
382,42.28166904785361,-71.0545709113658,POINT(-71.0545709113658 42.28166904785361),96
383,42.28537568494623,-71.0522740145161,POINT(-71.0522740145161 42.28537568494623),321
384,42.28229931958331,-71.04857154888884,POINT(-71.04857154888884 42.28229931958331),68
385,42.28246885509055,-71.04689060079168,POINT(-71.04689060079168 42.28246885509055),68
386,42.28543337153844,-71.04262227692305,POINT(-71.04262227692305 42.28543337153844),90
387,42.274909514187755,-71.06124034824883,POINT(-71.06124034824883 42.274909514187755),294
388,42.277587949648414,-71.06619347191243,POINT(-71.06619347191243 42.277587949648414),146
389,42.28133452770122,-71.05763058306522,POINT(-71.05763058306522 42.28133452770122),310
39,42.37101219426471,-71.06055425044119,POINT(-71.06055425044119 42.37101219426471),104
390,42.28303875006579,-71.05814026065792,POINT(-71.05814026065792 42.28303875006579),310
391,42.31176717308418,-71.06322045386268,POINT(-71.06322045386268 42.31176717308418),305
392,42.28988898966551,-71.05670053661713,POINT(-71.05670053661713 42.28988898966551),492
393,42.2878373686676,-71.06087836998724,POINT(-71.06087836998724 42.2878373686676),69
394,42.284470583590725,-71.06264026841687,POINT(-71.06264026841687 42.284470583590725),399
395,42.3077212495313,-71.06956072300432,POINT(-71.06956072300432 42.3077212495313),37
396,42.291022408992276,-71.06393251180188,POINT(-71.06393251180188 42.291022408992276),346
397,42.29035449091313,-71.06826092308692,POINT(-71.06826092308692 42.29035449091313),4
398,42.28979255198046,-71.07058633137238,POINT(-71.07058633137238 42.28979255198046),4
399,42.28715920383787,-71.07056055037833,POINT(-71.07056055037833 42.28715920383787),291
4,42.38322631484206,-70.9996538545263,POINT(-70.9996538545263 42.38322631484206),397
40,42.37298189986176,-71.06048387751149,POINT(-71.06048387751149 42.37298189986176),104
400,42.28562746570098,-71.0690983292057,POINT(-71.0690983292057 42.28562746570098),291
401,42.28691529777766,-71.06543778700343,POINT(-71.06543778700343 42.28691529777766),139
402,42.286220506843065,-71.06831216099394,POINT(-71.06831216099394 42.286220506843065),291
403,42.28123712549845,-71.0681184454485,POINT(-71.0681184454485 42.28123712549845),377
404,42.277883510772945,-71.06732566599042,POINT(-71.06732566599042 42.277883510772945),146
405,42.27382826753898,-71.06848835271026,POINT(-71.06848835271026 42.27382826753898),42
406,42.27148419356721,-71.0753048936432,POINT(-71.0753048936432 42.27148419356721),135
407,42.27290123015628,-71.07118494921876,POINT(-71.07118494921876 42.27290123015628),433
408,42.272535422214,-71.07464484833953,POINT(-71.07464484833953 42.272535422214),135
409,42.27241678207409,-71.0769701125185,POINT(-71.0769701125185 42.27241678207409),135
41,42.376326681633934,-71.05652723703076,POINT(-71.05652723703076 42.376326681633934),414
410,42.276409493058225,-71.07355822257293,POINT(-71.07355822257293 42.276409493058225),256
411,42.27530537919709,-71.07862051547451,POINT(-71.07862051547451 42.27530537919709),398
412,42.278447196190456,-71.08092776539688,POINT(-71.08092776539688 42.278447196190456),214
413,42.277461749033286,-71.07569613276657,POINT(-71.07569613276657 42.277461749033286),73
414,42.27682871326322,-71.07131103363163,POINT(-71.07131103363163 42.27682871326322),256
415,42.27904228307189,-71.0720984285621,POINT(-71.0720984285621 42.27904228307189),256
416,42.27960728041714,-71.07536261493725,POINT(-71.07536261493725 42.27960728041714),73
417,42.28275351292116,-71.07415185707899,POINT(-71.07415185707899 42.28275351292116),202
418,42.285060984859086,-71.08062781239288,POINT(-71.08062781239288 42.285060984859086),354
419,42.284744471405446,-71.07598942035126,POINT(-71.07598942035126 42.284744471405446),202
42,42.379356567878794,-71.05545108808077,POINT(-71.05545108808077 42.379356567878794),55
420,42.27827615867965,-71.0839057949877,POINT(-71.0839057949877 42.27827615867965),214
421,42.27758662846744,-71.08714189589777,POINT(-71.08714189589777 42.27758662846744),292
422,42.271351417777794,-71.08227237972642,POINT(-71.08227237972642 42.271351417777794),164
423,42.27260188195745,-71.08596808663832,POINT(-71.08596808663832 42.27260188195745),465
424,42.27217746981042,-71.08914879436026,POINT(-71.08914879436026 42.27217746981042),56
425,42.27170312079899,-71.09198865399469,POINT(-71.09198865399469 42.27170312079899),287
426,42.26912315120474,-71.09253200423939,POINT(-71.09253200423939 42.26912315120474),287
427,42.28069102906479,-71.09126295844266,POINT(-71.09126295844266 42.28069102906479),70
428,42.28192410258447,-71.08951474547017,POINT(-71.08951474547017 42.28192410258447),70
429,42.284015328919665,-71.08744144071993,POINT(-71.08744144071993 42.284015328919665),451
43,42.38011260368422,-71.05759959127822,POINT(-71.05759959127822 42.38011260368422),55
430,42.28563531362297,-71.09012622508969,POINT(-71.09012622508969 42.28563531362297),282
431,42.28800983549249,-71.08829389761358,POINT(-71.08829389761358 42.28800983549249),490
432,42.28593243890729,-71.08344077927372,POINT(-71.08344077927372 42.28593243890729),262
433,42.28261871238933,-71.08288897858402,POINT(-71.08288897858402 42.28261871238933),25
434,42.284224533272734,-71.07971195260306,POINT(-71.07971195260306 42.284224533272734),354
435,42.28712719592853,-71.07514948063964,POINT(-71.07514948063964 42.28712719592853),453
436,42.2884398094237,-71.07312286711866,POINT(-71.07312286711866 42.2884398094237),114
437,42.289226671102846,-71.07571787073519,POINT(-71.07571787073519 42.289226671102846),453
438,42.29132706430519,-71.0766746325085,POINT(-71.0766746325085 42.29132706430519),61
439,42.29021212364492,-71.08522951306993,POINT(-71.08522951306993 42.29021212364492),44
44,42.3802426754128,-71.06095207408254,POINT(-71.06095207408254 42.3802426754128),145
440,42.29411462641904,-71.08676414270272,POINT(-71.08676414270272 42.29411462641904),467
441,42.295008897480955,-71.08331576221917,POINT(-71.08331576221917 42.295008897480955),413
442,42.29335053975213,-71.08066841495587,POINT(-71.08066841495587 42.29335053975213),255
443,42.29556187236247,-71.07983398679613,POINT(-71.07983398679613 42.29556187236247),255
444,42.297880418418536,-71.08485776546047,POINT(-71.08485776546047 42.297880418418536),179
445,42.29842051976243,-71.08040349457426,POINT(-71.08040349457426 42.29842051976243),475
446,42.29686915355086,-71.07745746371327,POINT(-71.07745746371327 42.29686915355086),498
447,42.29516238965515,-71.07749129921608,POINT(-71.07749129921608 42.29516238965515),498
448,42.293679320796855,-71.07674197706946,POINT(-71.07674197706946 42.293679320796855),61
449,42.29195247873052,-71.0753991739643,POINT(-71.0753991739643 42.29195247873052),61
45,42.38034256838033,-71.06289509323935,POINT(-71.06289509323935 42.38034256838033),145
450,42.29280252953189,-71.07252169805508,POINT(-71.07252169805508 42.29280252953189),212
451,42.29495803464797,-71.07292713728393,POINT(-71.07292713728393 42.29495803464797),160
452,42.29578025911115,-71.07367447450787,POINT(-71.07367447450787 42.29578025911115),160
453,42.297678154292896,-71.07438313354426,POINT(-71.07438313354426 42.297678154292896),160
454,42.300886679780334,-71.0777783165467,POINT(-71.0777783165467 42.300886679780334),122
455,42.30105899423261,-71.0778284705291,POINT(-71.0778284705291 42.30105899423261),122
456,42.30327084837533,-71.08055728705982,POINT(-71.08055728705982 42.30327084837533),442
457,42.2996535308508,-71.08427983626785,POINT(-71.08427983626785 42.2996535308508),179
458,42.30302737564194,-71.0836067727493,POINT(-71.0836067727493 42.30302737564194),21
459,42.30346736914084,-71.08039248041636,POINT(-71.08039248041636 42.30346736914084),442
46,42.38141319471428,-71.06559399014282,POINT(-71.06559399014282 42.38141319471428),322
460,42.305050868571485,-71.07906201510482,POINT(-71.07906201510482 42.305050868571485),236
461,42.30383677778199,-71.07559552119429,POINT(-71.07559552119429 42.30383677778199),474
462,42.30299585729341,-71.07333502498173,POINT(-71.07333502498173 42.30299585729341),182
463,42.295263192380546,-71.08956751022406,POINT(-71.08956751022406 42.295263192380546),183
464,42.30390245902622,-71.08868569271557,POINT(-71.08868569271557 42.30390245902622),303
465,42.285832554280105,-71.09083077642113,POINT(-71.09083077642113 42.285832554280105),282
466,42.284218913369926,-71.09356997320515,POINT(-71.09356997320515 42.284218913369926),171
467,42.284016824707095,-71.09666948603524,POINT(-71.09666948603524 42.284016824707095),171
468,42.280233749875855,-71.0951712754852,POINT(-71.0951712754852 42.280233749875855),304
469,42.277447722483295,-71.09534350710791,POINT(-71.09534350710791 42.277447722483295),483
47,42.382847977253896,-71.06914444181346,POINT(-71.06914444181346 42.382847977253896),491
470,42.276415099869176,-71.09939320304655,POINT(-71.09939320304655 42.276415099869176),97
471,42.27646896999999,-71.10199121333335,POINT(-71.10199121333335 42.27646896999999),97
472,42.273689810591,-71.09657127950342,POINT(-71.09657127950342 42.273689810591),330
473,42.273818315550415,-71.1070013909175,POINT(-71.1070013909175 42.273818315550415),326
474,42.27244538988885,-71.10288124266681,POINT(-71.10288124266681 42.27244538988885),194
475,42.271210797836844,-71.10053676265942,POINT(-71.10053676265942 42.271210797836844),376
476,42.26933015841326,-71.09463988473657,POINT(-71.09463988473657 42.26933015841326),287
477,42.27696469404761,-71.10682728392855,POINT(-71.10682728392855 42.27696469404761),326
478,42.270714239222904,-71.10800127775038,POINT(-71.10800127775038 42.270714239222904),62
479,42.27033343552815,-71.10428415936632,POINT(-71.10428415936632 42.27033343552815),194
48,42.39102335586664,-71.06994781040002,POINT(-71.06994781040002 42.39102335586664),129
480,42.2699736046154,-71.10101470797055,POINT(-71.10101470797055 42.2699736046154),376
481,42.26750633514653,-71.09752099174325,POINT(-71.09752099174325 42.26750633514653),12
482,42.26611438207053,-71.09654249174129,POINT(-71.09654249174129 42.26611438207053),12
483,42.26339407032896,-71.10059852861848,POINT(-71.10059852861848 42.26339407032896),105
484,42.26217419683014,-71.10321298539618,POINT(-71.10321298539618 42.26217419683014),105
485,42.26464944600536,-71.10144945142855,POINT(-71.10144945142855 42.26464944600536),105
486,42.26718975059576,-71.1036881072341,POINT(-71.1036881072341 42.26718975059576),478
487,42.26514011000001,-71.1056866177466,POINT(-71.1056866177466 42.26514011000001),364
488,42.264013666188276,-71.10797631497759,POINT(-71.10797631497759 42.264013666188276),228
489,42.26748881710143,-71.10965241536229,POINT(-71.10965241536229 42.26748881710143),420
49,42.38497676570178,-71.07461632710522,POINT(-71.07461632710522 42.38497676570178),343
490,42.2741657567017,-71.11394263251314,POINT(-71.11394263251314 42.2741657567017),315
491,42.26929837840908,-71.1129045043182,POINT(-71.1129045043182 42.26929837840908),148
492,42.26730957600001,-71.11352064319037,POINT(-71.11352064319037 42.26730957600001),148
493,42.26247761746968,-71.11223464554992,POINT(-71.11223464554992 42.26247761746968),428
494,42.26234740360736,-71.11593096789964,POINT(-71.11593096789964 42.26234740360736),272
495,42.263636594642975,-71.1207524207416,POINT(-71.1207524207416 42.263636594642975),51
496,42.28726843077028,-71.11593659955615,POINT(-71.11593659955615 42.28726843077028),392
497,42.26903564741934,-71.11702203419352,POINT(-71.11702203419352 42.26903564741934),361
498,42.273600627600466,-71.11896681521401,POINT(-71.11896681521401 42.273600627600466),29
499,42.278162991462345,-71.11714338853758,POINT(-71.11714338853758 42.278162991462345),223
5,42.38464555401959,-71.00212427941179,POINT(-71.00212427941179 42.38464555401959),65
50,42.38148448915088,-71.07502441133654,POINT(-71.07502441133654 42.38148448915088),412
500,42.28028095026669,-71.11485571222228,POINT(-71.11485571222228 42.28028095026669),389
501,42.28089360119061,-71.11830177510036,POINT(-71.11830177510036 42.28089360119061),223
502,42.28571457206344,-71.11626170751326,POINT(-71.11626170751326 42.28571457206344),392
503,42.284853088956886,-71.11095737414995,POINT(-71.11095737414995 42.284853088956886),1
504,42.28727727970299,-71.1152055846535,POINT(-71.1152055846535 42.28727727970299),392
505,42.28907811777779,-71.11461970166665,POINT(-71.11461970166665 42.28907811777779),359
506,42.290366445040696,-71.11394347048785,POINT(-71.11394347048785 42.290366445040696),359
507,42.28828153293337,-71.11820755793333,POINT(-71.11820755793333 42.28828153293337),106
508,42.293110400334044,-71.117003562279,POINT(-71.117003562279 42.293110400334044),418
509,42.29623673345536,-71.1140420043019,POINT(-71.1140420043019 42.29623673345536),151
51,42.382639470319155,-71.07173357659569,POINT(-71.07173357659569 42.382639470319155),142
510,42.300450959931176,-71.11136527669734,POINT(-71.11136527669734 42.300450959931176),332
511,42.25592167476923,-71.1117790796923,POINT(-71.1117790796923 42.25592167476923),52
512,42.258766171558314,-71.1136108942532,POINT(-71.1136108942532 42.258766171558314),162
513,42.25159931335767,-71.11255376525546,POINT(-71.11255376525546 42.25159931335767),245
514,42.24935254555557,-71.11204945833335,POINT(-71.11204945833335 42.24935254555557),245
515,42.24648345043858,-71.11601010017546,POINT(-71.11601010017546 42.24648345043858),186
516,42.25615663000002,-71.11498863150983,POINT(-71.11498863150983 42.25615663000002),162
517,42.245522071298076,-71.12148035894235,POINT(-71.12148035894235 42.245522071298076),46
518,42.248025540414915,-71.12227115962651,POINT(-71.12227115962651 42.248025540414915),248
519,42.2574820717191,-71.12032475456739,POINT(-71.12032475456739 42.2574820717191),447
520,42.256893601634204,-71.12356572480309,POINT(-71.12356572480309 42.256893601634204),230
521,42.25504825497875,-71.1227555470663,POINT(-71.1227555470663 42.25504825497875),230
522,42.25166208305378,-71.12504302483624,POINT(-71.12504302483624 42.25166208305378),401
523,42.244600947097574,-71.12925406396538,POINT(-71.12925406396538 42.244600947097574),119
524,42.24239141610856,-71.1240569220814,POINT(-71.1240569220814 42.24239141610856),302
525,42.23890484905597,-71.1275778733481,POINT(-71.1275778733481 42.23890484905597),288
526,42.23437429833335,-71.12950356184211,POINT(-71.12950356184211 42.23437429833335),87
527,42.23695911755676,-71.13132966701704,POINT(-71.13132966701704 42.23695911755676),488
528,42.23487147597703,-71.13791311252876,POINT(-71.13791311252876 42.23487147597703),218
529,42.24120435598933,-71.13937310887704,POINT(-71.13937310887704 42.24120435598933),8
53,42.37899783185182,-71.0692170548149,POINT(-71.0692170548149 42.37899783185182),18
530,42.240110975000015,-71.13563287727844,POINT(-71.13563287727844 42.240110975000015),318
531,42.242687046388916,-71.13375779631943,POINT(-71.13375779631943 42.242687046388916),456
532,42.243042298981464,-71.13757817347229,POINT(-71.13757817347229 42.243042298981464),8
533,42.247608645454534,-71.13226946767367,POINT(-71.13226946767367 42.247608645454534),345
534,42.24460677868421,-71.13988755796046,POINT(-71.13988755796046 42.24460677868421),470
535,42.250591398172055,-71.14055655279569,POINT(-71.14055655279569 42.250591398172055),195
536,42.25181130313432,-71.1436336797015,POINT(-71.1436336797015 42.25181130313432),427
537,42.25552623933331,-71.14101638653328,POINT(-71.14101638653328 42.25552623933331),86
538,42.256322739444464,-71.13025632518519,POINT(-71.13025632518519 42.256322739444464),199
539,42.25182455984847,-71.133111745303,POINT(-71.133111745303 42.25182455984847),382
54,42.378814757981374,-71.06630070364263,POINT(-71.06630070364263 42.378814757981374),250
540,42.254008573712554,-71.13056011257491,POINT(-71.13056011257491 42.254008573712554),199
541,42.253840876932514,-71.13073623877304,POINT(-71.13073623877304 42.253840876932514),199
542,42.25484347875387,-71.12731144052967,POINT(-71.12731144052967 42.25484347875387),19
543,42.25626218442859,-71.12762524661903,POINT(-71.12762524661903 42.25626218442859),19
544,42.260013779999824,-71.12568619680913,POINT(-71.12568619680913 42.260013779999824),333
545,42.261313521605736,-71.12932418474445,POINT(-71.12932418474445 42.261313521605736),200
546,42.26519320148652,-71.12560627668913,POINT(-71.12560627668913 42.26519320148652),226
547,42.26831538469882,-71.12889086090358,POINT(-71.12889086090358 42.26831538469882),432
548,42.271298939856166,-71.13030681323742,POINT(-71.13030681323742 42.271298939856166),188
549,42.26091614820697,-71.15605497600002,POINT(-71.15605497600002 42.26091614820697),425
55,42.376959408697076,-71.06444762179156,POINT(-71.06444762179156 42.376959408697076),250
550,42.27456453663289,-71.13695709701021,POINT(-71.13695709701021 42.27456453663289),49
551,42.276071471125,-71.13199337045829,POINT(-71.13199337045829 42.276071471125),176
552,42.27871825022949,-71.13165609121306,POINT(-71.13165609121306 42.27871825022949),176
553,42.27300318864491,-71.12615923565414,POINT(-71.12615923565414 42.27300318864491),113
554,42.27169393971017,-71.12387533521736,POINT(-71.12387533521736 42.27169393971017),113
555,42.27592269714291,-71.12350852432347,POINT(-71.12350852432347 42.27592269714291),400
556,42.27914237318322,-71.12158208897904,POINT(-71.12158208897904 42.27914237318322),499
557,42.28029964291665,-71.12715197099996,POINT(-71.12715197099996 42.28029964291665),358
558,42.28299222054362,-71.1246845544204,POINT(-71.1246845544204 42.28299222054362),125
559,42.282569344316734,-71.1310265344101,POINT(-71.1310265344101 42.282569344316734),285
56,42.37639251783969,-71.06243192038326,POINT(-71.06243192038326 42.37639251783969),481
560,42.28470823041556,-71.12778689520795,POINT(-71.12778689520795 42.28470823041556),285
561,42.28405289262331,-71.12169886571446,POINT(-71.12169886571446 42.28405289262331),125
562,42.287331059862375,-71.12622784834947,POINT(-71.12622784834947 42.287331059862375),368
563,42.29008180437879,-71.1218215329661,POINT(-71.1218215329661 42.29008180437879),74
564,42.29474316203676,-71.11940702195513,POINT(-71.11940702195513 42.29474316203676),271
566,42.30885051688902,-71.08713110708891,POINT(-71.08713110708891 42.30885051688902),131
567,42.30623997135,-71.10208261394996,POINT(-71.10208261394996 42.30623997135),275
568,42.31050077487179,-71.0970476326923,POINT(-71.0970476326923 42.31050077487179),299
569,42.303727365074685,-71.10878809447765,POINT(-71.10878809447765 42.303727365074685),196
57,42.37589945255394,-71.06051306618704,POINT(-71.06051306618704 42.37589945255394),481
570,42.30629714202538,-71.10478990932066,POINT(-71.10478990932066 42.30629714202538),275
571,42.31051733690087,-71.10135258052252,POINT(-71.10135258052252 42.31051733690087),11
572,42.316003413769984,-71.09612423874388,POINT(-71.09612423874388 42.316003413769984),40
573,42.30851128420584,-71.10706530890057,POINT(-71.10706530890057 42.30851128420584),404
574,42.30988467750665,-71.10415537779843,POINT(-71.10415537779843 42.30988467750665),11
575,42.3135397459896,-71.10149027406239,POINT(-71.10149027406239 42.3135397459896),378
576,42.315182617767846,-71.1035891147617,POINT(-71.1035891147617 42.315182617767846),242
577,42.31569382335652,-71.10043642296966,POINT(-71.10043642296966 42.31569382335652),378
578,42.32118713176806,-71.10620424689716,POINT(-71.10620424689716 42.32118713176806),370
579,42.32196906837135,-71.10249132978637,POINT(-71.10249132978637 42.32196906837135),277
58,42.37599980367081,-71.06706888608949,POINT(-71.06706888608949 42.37599980367081),487
581,42.3231140763237,-71.1031291342885,POINT(-71.1031291342885 42.3231140763237),277
582,42.32882683652152,-71.11413230186132,POINT(-71.11413230186132 42.32882683652152),134
583,42.32457452632511,-71.105873670636,POINT(-71.105873670636 42.32457452632511),497
584,42.32703119014375,-71.10391555868563,POINT(-71.10391555868563 42.32703119014375),115
585,42.32955826457571,-71.10403857306072,POINT(-71.10403857306072 42.32955826457571),115
586,42.32902911373855,-71.09995432449668,POINT(-71.09995432449668 42.32902911373855),67
587,42.33122699927564,-71.09850302460278,POINT(-71.09850302460278 42.33122699927564),143
588,42.332225016970966,-71.0957963100722,POINT(-71.0957963100722 42.332225016970966),436
589,42.33567498102565,-71.09416844128205,POINT(-71.09416844128205 42.33567498102565),408
59,42.373942417105226,-71.06485338507512,POINT(-71.06485338507512 42.373942417105226),423
590,42.33795716945207,-71.09269279739722,POINT(-71.09269279739722 42.33795716945207),0
591,42.34617563583006,-71.09001990687253,POINT(-71.09001990687253 42.34617563583006),327
592,42.288777490785776,-71.11717419892868,POINT(-71.11717419892868 42.288777490785776),106
593,42.33652127166669,-71.10709448234226,POINT(-71.10709448234226 42.33652127166669),279
594,42.34196443019428,-71.08474507807769,POINT(-71.08474507807769 42.34196443019428),91
595,42.34000040421875,-71.09158998859368,POINT(-71.09158998859368 42.34000040421875),0
596,42.35053504428576,-71.0906474574027,POINT(-71.0906474574027 42.35053504428576),54
597,42.33955667095238,-71.08180183560427,POINT(-71.08180183560427 42.33955667095238),187
598,42.346725320846936,-71.08611600434433,POINT(-71.08611600434433 42.346725320846936),348
599,42.35008559264706,-71.10199205617644,POINT(-71.10199205617644 42.35008559264706),192
60,42.372619463342176,-71.0628445418183,POINT(-71.0628445418183 42.372619463342176),104
600,42.33641988385419,-71.09647126020832,POINT(-71.09647126020832 42.33641988385419),241
601,42.33259867722629,-71.09864977284666,POINT(-71.09864977284666 42.33259867722629),143
602,42.33418622312384,-71.10225573212168,POINT(-71.10225573212168 42.33418622312384),393
603,42.333106008089125,-71.1032060713665,POINT(-71.1032060713665 42.333106008089125),393
604,42.3321563062135,-71.10510581944176,POINT(-71.10510581944176 42.3321563062135),175
605,42.33210704961608,-71.10730978148081,POINT(-71.10730978148081 42.33210704961608),445
606,42.33065717520702,-71.11010086835795,POINT(-71.11010086835795 42.33065717520702),138
607,42.32587285527472,-71.10823266113563,POINT(-71.10823266113563 42.32587285527472),283
608,42.32750818648656,-71.11209743659903,POINT(-71.11209743659903 42.32750818648656),134
609,42.323478908972,-71.11126014149538,POINT(-71.11126014149538 42.323478908972),388
61,42.36620128719527,-71.061373229645,POINT(-71.061373229645 42.36620128719527),39
610,42.32208999077847,-71.11426419556877,POINT(-71.11426419556877 42.32208999077847),26
611,42.33400167294816,-71.10857379606934,POINT(-71.10857379606934 42.33400167294816),445
612,42.336284346706655,-71.1059951001351,POINT(-71.1059951001351 42.336284346706655),279
613,42.33999159362779,-71.10781149750795,POINT(-71.10781149750795 42.33999159362779),461
614,42.33926363669391,-71.1049606522858,POINT(-71.1049606522858 42.33926363669391),33
615,42.337523989428526,-71.10143808828575,POINT(-71.10143808828575 42.337523989428526),479
616,42.337445194150924,-71.09847529880496,POINT(-71.09847529880496 42.337445194150924),241
617,42.338807915660404,-71.0946457891321,POINT(-71.0946457891321 42.338807915660404),0
618,42.341937253169796,-71.08952464465666,POINT(-71.08952464465666 42.341937253169796),227
619,42.34346083709501,-71.08763611656912,POINT(-71.08763611656912 42.34346083709501),227
62,42.36464863058816,-71.06833902433817,POINT(-71.06833902433817 42.36464863058816),110
620,42.3456908968025,-71.08789927216993,POINT(-71.08789927216993 42.3456908968025),348
621,42.349429796507344,-71.09003998089436,POINT(-71.09003998089436 42.349429796507344),54
622,42.34973157430029,-71.09588632259403,POINT(-71.09588632259403 42.34973157430029),111
623,42.3487243072952,-71.09544984487704,POINT(-71.09544984487704 42.3487243072952),111
624,42.34595806427067,-71.09658943232435,POINT(-71.09658943232435 42.34595806427067),336
625,42.34283576781174,-71.09545014592882,POINT(-71.09545014592882 42.34283576781174),220
626,42.340847877777755,-71.09469974628088,POINT(-71.09469974628088 42.340847877777755),220
627,42.3441820765878,-71.0994222940061,POINT(-71.0994222940061 42.3441820765878),128
628,42.34499092708893,-71.10146085386651,POINT(-71.10146085386651 42.34499092708893),128
629,42.346564678636334,-71.1036699331062,POINT(-71.1036699331062 42.346564678636334),380
63,42.36304224650305,-71.06248375809245,POINT(-71.06248375809245 42.36304224650305),495
630,42.34760181978726,-71.10543485648947,POINT(-71.10543485648947 42.34760181978726),380
631,42.34914878008066,-71.10183835951611,POINT(-71.10183835951611 42.34914878008066),192
632,42.350330769565204,-71.10746318478256,POINT(-71.10746318478256 42.350330769565204),58
633,42.318887461186414,-71.11969222745759,POINT(-71.11969222745759 42.318887461186414),267
634,42.320825988167165,-71.11222436717037,POINT(-71.11222436717037 42.320825988167165),463
635,42.3189667061215,-71.11264043065418,POINT(-71.11264043065418 42.3189667061215),463
636,42.32042091453333,-71.10870826186677,POINT(-71.10870826186677 42.32042091453333),144
637,42.317884270889735,-71.10879460167259,POINT(-71.10879460167259 42.317884270889735),144
638,42.31781263927009,-71.10618860985402,POINT(-71.10618860985402 42.31781263927009),144
639,42.31545364297423,-71.11199973264392,POINT(-71.11199973264392 42.31545364297423),101
64,42.362322331368844,-71.06964086614566,POINT(-71.06964086614566 42.362322331368844),407
640,42.314218631129016,-71.10702396870975,POINT(-71.10702396870975 42.314218631129016),224
641,42.316554928145365,-71.1142724433454,POINT(-71.1142724433454 42.316554928145365),101
642,42.31325557231044,-71.11484675657042,POINT(-71.11484675657042 42.31325557231044),274
643,42.31116790885242,-71.11555496131139,POINT(-71.11555496131139 42.31116790885242),274
644,42.31029912158467,-71.1190878622951,POINT(-71.1190878622951 42.31029912158467),156
645,42.31189593846325,-71.11321690061476,POINT(-71.11321690061476 42.31189593846325),274
646,42.309126827379636,-71.11396186219248,POINT(-71.11396186219248 42.309126827379636),455
647,42.30974553215276,-71.10922662770832,POINT(-71.10922662770832 42.30974553215276),404
648,42.30627495669755,-71.11348427632724,POINT(-71.11348427632724 42.30627495669755),48
649,42.30820369227724,-71.11718866846535,POINT(-71.11718866846535 42.30820369227724),385
65,42.36175779492919,-71.06565480165645,POINT(-71.06565480165645 42.36175779492919),166
650,42.30557332910257,-71.11757288423075,POINT(-71.11757288423075 42.30557332910257),385
651,42.304100424746316,-71.11406892782618,POINT(-71.11406892782618 42.304100424746316),260
652,42.301895205696184,-71.11635588610748,POINT(-71.11635588610748 42.301895205696184),419
653,42.31288567618181,-71.12476908672727,POINT(-71.12476908672727 42.31288567618181),300
654,42.310631642857146,-71.1309497740476,POINT(-71.1309497740476 42.310631642857146),213
655,42.30818106499999,-71.12587658129031,POINT(-71.12587658129031 42.30818106499999),32
656,42.305018226444446,-71.13288679322224,POINT(-71.13288679322224 42.305018226444446),237
657,42.30211704512955,-71.12640219668548,POINT(-71.12640219668548 42.30211704512955),257
658,42.29926408386362,-71.1330454643182,POINT(-71.1330454643182 42.29926408386362),109
659,42.29436320039999,-71.14249337719998,POINT(-71.14249337719998 42.29436320039999),353
66,42.359920444444505,-71.06983356794011,POINT(-71.06983356794011 42.359920444444505),407
660,42.29489644255318,-71.13767563212765,POINT(-71.13767563212765 42.29489644255318),149
661,42.289140848139546,-71.13254150209303,POINT(-71.13254150209303 42.289140848139546),431
662,42.29098091045455,-71.1304590548485,POINT(-71.1304590548485 42.29098091045455),320
663,42.29231581785713,-71.13201772452382,POINT(-71.13201772452382 42.29231581785713),320
664,42.29243674474888,-71.12204548634703,POINT(-71.12204548634703 42.29243674474888),74
665,42.295675635384605,-71.12293080846156,POINT(-71.12293080846156 42.295675635384605),263
667,42.28919080442857,-71.12931164028574,POINT(-71.12931164028574 42.28919080442857),5
668,42.278160214157325,-71.13508041269664,POINT(-71.13508041269664 42.278160214157325),49
669,42.29808846217391,-71.14403762826088,POINT(-71.14403762826088 42.29808846217391),209
67,42.35994821902962,-71.06672753128976,POINT(-71.06672753128976 42.35994821902962),166
670,42.29582535823529,-71.13298611905883,POINT(-71.13298611905883 42.29582535823529),440
671,42.2952974921739,-71.12714235521736,POINT(-71.12714235521736 42.2952974921739),386
672,42.28806258927536,-71.1340502447826,POINT(-71.1340502447826 42.28806258927536),431
673,42.29168551341178,-71.135512854,POINT(-71.135512854 42.29168551341178),219
674,42.289814026055055,-71.13618252211006,POINT(-71.13618252211006 42.289814026055055),219
675,42.28871126076922,-71.13836600076918,POINT(-71.13836600076918 42.28871126076922),219
676,42.28785105537818,-71.14291190504206,POINT(-71.14291190504206 42.28785105537818),244
677,42.290625869064755,-71.1419598794964,POINT(-71.1419598794964 42.290625869064755),34
678,42.29261061903226,-71.14361005580646,POINT(-71.14361005580646 42.29261061903226),353
679,42.28586356878229,-71.13337574704794,POINT(-71.13337574704794 42.28586356878229),208
68,42.35993897579328,-71.06374061720163,POINT(-71.06374061720163 42.35993897579328),307
680,42.28418557666647,-71.1293286818761,POINT(-71.1293286818761 42.28418557666647),285
681,42.282062635234006,-71.13518512745617,POINT(-71.13518512745617 42.282062635234006),384
682,42.28395143352383,-71.13860949752379,POINT(-71.13860949752379 42.28395143352383),103
683,42.281775641874994,-71.140236885,POINT(-71.140236885 42.281775641874994),269
684,42.280764045862064,-71.14215331310344,POINT(-71.14215331310344 42.280764045862064),269
685,42.27832139149778,-71.13853325797359,POINT(-71.13853325797359 42.27832139149778),49
686,42.28401041569624,-71.14457571746838,POINT(-71.14457571746838 42.28401041569624),460
687,42.28577178713564,-71.14156080289014,POINT(-71.14156080289014 42.28577178713564),244
688,42.294361918,-71.14814363822221,POINT(-71.14814363822221 42.294361918),484
689,42.2932596116,-71.150907002,POINT(-71.150907002 42.2932596116),239
69,42.356741601488956,-71.07101886400737,POINT(-71.07101886400737 42.356741601488956),254
690,42.29014978047618,-71.14862331714284,POINT(-71.14862331714284 42.29014978047618),95
691,42.287370387708705,-71.14875967220775,POINT(-71.14875967220775 42.287370387708705),405
692,42.29211970526318,-71.15292869368425,POINT(-71.15292869368425 42.29211970526318),239
693,42.29402497528731,-71.15588071678157,POINT(-71.15588071678157 42.29402497528731),421
694,42.29291729188678,-71.15890645924527,POINT(-71.15890645924527 42.29291729188678),66
695,42.28725619782979,-71.15414570182982,POINT(-71.15414570182982 42.28725619782979),172
696,42.28881312539327,-71.15402891977524,POINT(-71.15402891977524 42.28881312539327),172
697,42.285612579749966,-71.14967882249995,POINT(-71.14967882249995 42.285612579749966),405
698,42.28076859405406,-71.1461777489189,POINT(-71.1461777489189 42.28076859405406),7
699,42.275992733529414,-71.1423421935294,POINT(-71.1423421935294 42.275992733529414),402
7,42.388096593218755,-71.00467346312496,POINT(-71.00467346312496 42.388096593218755),193
70,42.35481807447028,-71.06781229443335,POINT(-71.06781229443335 42.35481807447028),351
700,42.27787887326086,-71.14569397826084,POINT(-71.14569397826084 42.27787887326086),217
701,42.28008145576925,-71.14839420173072,POINT(-71.14839420173072 42.28008145576925),7
702,42.28312960061404,-71.15153455254384,POINT(-71.15153455254384 42.28312960061404),232
703,42.28148141849619,-71.15690348278194,POINT(-71.15690348278194 42.28148141849619),41
704,42.27688776958334,-71.14932049305555,POINT(-71.14932049305555 42.27688776958334),367
705,42.27368723688172,-71.14576190354839,POINT(-71.14576190354839 42.27368723688172),71
706,42.27198424429579,-71.14741673302818,POINT(-71.14741673302818 42.27198424429579),71
707,42.26960287506179,-71.14891136790125,POINT(-71.14891136790125 42.26960287506179),249
708,42.27475162295455,-71.15175262386363,POINT(-71.15175262386363 42.27475162295455),293
709,42.278814859848495,-71.1571098619697,POINT(-71.1571098619697 42.278814859848495),477
71,42.35803298264156,-71.06433786867916,POINT(-71.06433786867916 42.35803298264156),307
710,42.26908166647825,-71.15380590482609,POINT(-71.15380590482609 42.26908166647825),63
711,42.27024725146067,-71.14868053707868,POINT(-71.14868053707868 42.27024725146067),249
712,42.26404827323146,-71.15626269537103,POINT(-71.15626269537103 42.26404827323146),259
713,42.30638801067429,-71.09358212479123,POINT(-71.09358212479123 42.30638801067429),127
714,42.27201684535157,-71.14817546863283,POINT(-71.14817546863283 42.27201684535157),71
715,42.26587306862904,-71.16467303153222,POINT(-71.16467303153222 42.26587306862904),365
716,42.27018850858155,-71.16323808361705,POINT(-71.16323808361705 42.27018850858155),50
717,42.27228979746266,-71.16143075850749,POINT(-71.16143075850749 42.27228979746266),50
718,42.274269388250005,-71.16352931624999,POINT(-71.16352931624999 42.274269388250005),468
719,42.277396971704555,-71.16053132931816,POINT(-71.16053132931816 42.277396971704555),278
72,42.35989714815257,-71.06228572137827,POINT(-71.06228572137827 42.35989714815257),307
720,42.27959734849061,-71.15960746773578,POINT(-71.15960746773578 42.27959734849061),278
721,42.27629497233336,-71.16537002255556,POINT(-71.16537002255556 42.27629497233336),233
722,42.273928938333306,-71.1682062172807,POINT(-71.1682062172807 42.273928938333306),161
723,42.26700695851294,-71.16862098747194,POINT(-71.16862098747194 42.26700695851294),92
724,42.269977012733996,-71.17177670014996,POINT(-71.17177670014996 42.269977012733996),335
725,42.275222658617054,-71.16985807648935,POINT(-71.16985807648935 42.275222658617054),161
726,42.27736402828025,-71.16452297414007,POINT(-71.16452297414007 42.27736402828025),233
727,42.27935718101442,-71.17027744413045,POINT(-71.17027744413045 42.27935718101442),93
728,42.27942778581698,-71.1726828963398,POINT(-71.1726828963398 42.27942778581698),93
729,42.28494114228277,-71.17378113021755,POINT(-71.17378113021755 42.28494114228277),297
73,42.35932623243098,-71.06046377361896,POINT(-71.06046377361896 42.35932623243098),78
730,42.28098670321208,-71.16959678163627,POINT(-71.16959678163627 42.28098670321208),93
731,42.28229870865168,-71.16634140089892,POINT(-71.16634140089892 42.28229870865168),406
732,42.282693763983055,-71.16278835737288,POINT(-71.16278835737288 42.282693763983055),191
733,42.28601584114286,-71.16530679300004,POINT(-71.16530679300004 42.28601584114286),265
734,42.28403915428574,-71.1606921518182,POINT(-71.1606921518182 42.28403915428574),191
735,42.284556668897665,-71.15734731795276,POINT(-71.15734731795276 42.284556668897665),439
736,42.2857655448305,-71.15592123864405,POINT(-71.15592123864405 42.2857655448305),439
737,42.28873065925,-71.16074358824999,POINT(-71.16074358824999 42.28873065925),331
738,42.2915957264865,-71.16274335729727,POINT(-71.16274335729727 42.2915957264865),383
739,42.2895518935,-71.16452838800002,POINT(-71.16452838800002 42.2895518935),317
74,42.36248255419615,-71.06174538821473,POINT(-71.06174538821473 42.36248255419615),495
740,42.290624168,-71.1659003144,POINT(-71.1659003144 42.290624168),317
741,42.28857367108107,-71.16858308135139,POINT(-71.16858308135139 42.28857367108107),411
742,42.28735959057141,-71.16749529428573,POINT(-71.16749529428573 42.28735959057141),411
743,42.28651187642858,-71.16984243214287,POINT(-71.16984243214287 42.28651187642858),15
744,42.28539680479999,-71.17172980559998,POINT(-71.17172980559998 42.28539680479999),297
745,42.294944612307695,-71.17160372307693,POINT(-71.17160372307693 42.294944612307695),102
746,42.29394495675002,-71.16932792025,POINT(-71.16932792025 42.29394495675002),102
747,42.29268423586208,-71.16619665689656,POINT(-71.16619665689656 42.29268423586208),117
748,42.29922170130989,-71.16237014198072,POINT(-71.16237014198072 42.29922170130989),197
749,42.337278769826305,-71.15778838729167,POINT(-71.15778838729167 42.337278769826305),316
75,42.36445753597571,-71.06185035251805,POINT(-71.06185035251805 42.36445753597571),39
750,42.34315706129497,-71.16004817122308,POINT(-71.16004817122308 42.34315706129497),252
751,42.34458090706963,-71.16646105941396,POINT(-71.16646105941396 42.34458090706963),150
753,42.347605025714316,-71.17037668142856,POINT(-71.17037668142856 42.347605025714316),308
754,42.35049655925229,-71.16839906780383,POINT(-71.16839906780383 42.35049655925229),80
755,42.35164986117854,-71.15896104703573,POINT(-71.15896104703573 42.35164986117854),30
756,42.352955260108075,-71.16941456248655,POINT(-71.16941456248655 42.352955260108075),80
757,42.355856544143585,-71.16589005049725,POINT(-71.16589005049725 42.355856544143585),261
758,42.35073726000006,-71.16563834114184,POINT(-71.16563834114184 42.35073726000006),261
759,42.35333057816966,-71.16559264232134,POINT(-71.16559264232134 42.35333057816966),261
76,42.36458764112782,-71.05999905618225,POINT(-71.05999905618225 42.36458764112782),39
760,42.35062666252334,-71.16204644813087,POINT(-71.16204644813087 42.35062666252334),30
761,42.35053105169397,-71.1597517315301,POINT(-71.1597517315301 42.35053105169397),30
762,42.34774722031495,-71.15850996,POINT(-71.15850996 42.34774722031495),443
763,42.35031988100474,-71.15644662655504,POINT(-71.15644662655504 42.35031988100474),471
764,42.353687507333355,-71.15602199370373,POINT(-71.15602199370373 42.353687507333355),360
765,42.352702993083916,-71.15858569083835,POINT(-71.15858569083835 42.352702993083916),30
766,42.35601529086957,-71.15927539211953,POINT(-71.15927539211953 42.35601529086957),229
767,42.359219964495516,-71.15357760733966,POINT(-71.15357760733966 42.359219964495516),381
768,42.356339426017826,-71.15126149360171,POINT(-71.15126149360171 42.356339426017826),3
769,42.35404630137408,-71.15252053793898,POINT(-71.15252053793898 42.35404630137408),3
77,42.361353398822914,-71.05996293932151,POINT(-71.05996293932151 42.361353398822914),78
770,42.35054008258308,-71.15343410022146,POINT(-71.15343410022146 42.35054008258308),147
771,42.348313139108924,-71.15367751522754,POINT(-71.15367751522754 42.348313139108924),147
772,42.345623038545476,-71.1550458878788,POINT(-71.1550458878788 42.345623038545476),81
773,42.34119180957144,-71.15667892231433,POINT(-71.15667892231433 42.34119180957144),457
774,42.339545511052656,-71.15429137574726,POINT(-71.15429137574726 42.339545511052656),130
775,42.341793196273784,-71.15199166300366,POINT(-71.15199166300366 42.341793196273784),309
776,42.34322765513325,-71.14940618815977,POINT(-71.14940618815977 42.34322765513325),486
777,42.346714979600016,-71.14943195763998,POINT(-71.14943195763998 42.346714979600016),198
778,42.349017411394804,-71.1492282968075,POINT(-71.1492282968075 42.349017411394804),198
779,42.35212910887463,-71.14861123250803,POINT(-71.14861123250803 42.35212910887463),323
78,42.36172703685348,-71.05707821969268,POINT(-71.05707821969268 42.36172703685348),373
780,42.354989412472264,-71.14859582461257,POINT(-71.14859582461257 42.354989412472264),323
781,42.35461024244278,-71.14555495809167,POINT(-71.14555495809167 42.35461024244278),88
782,42.35292295524691,-71.14267284432111,POINT(-71.14267284432111 42.35292295524691),203
783,42.35005967699163,-71.14358924457852,POINT(-71.14358924457852 42.35005967699163),284
784,42.34841252253854,-71.14302493062725,POINT(-71.14302493062725 42.34841252253854),284
785,42.34375595312078,-71.14070136373569,POINT(-71.14070136373569 42.34375595312078),28
786,42.34192106304584,-71.1434517787338,POINT(-71.1434517787338 42.34192106304584),246
787,42.339499186176475,-71.14725640333336,POINT(-71.14725640333336 42.339499186176475),170
788,42.34051953888575,-71.14648161422855,POINT(-71.14648161422855 42.34051953888575),170
789,42.33769218392951,-71.15121717821138,POINT(-71.15121717821138 42.33769218392951),57
79,42.365910689166626,-71.0579129771773,POINT(-71.0579129771773 42.365910689166626),108
790,42.33692611031979,-71.14887951235471,POINT(-71.14887951235471 42.33692611031979),57
791,42.34406255666665,-71.14098364816354,POINT(-71.14098364816354 42.34406255666665),28
792,42.34647040857402,-71.13852736059246,POINT(-71.13852736059246 42.34647040857402),395
793,42.348179496783835,-71.1342026381907,POINT(-71.1342026381907 42.348179496783835),159
794,42.350603710398,-71.13393987414713,POINT(-71.13393987414713 42.350603710398),493
795,42.35196832927988,-71.13742926342798,POINT(-71.13742926342798 42.35196832927988),441
796,42.35111117394075,-71.12878325701493,POINT(-71.12878325701493 42.35111117394075),83
798,42.35244692868807,-71.1230461478132,POINT(-71.1230461478132 42.35244692868807),290
799,42.353920674989965,-71.12876315410097,POINT(-71.12876315410097 42.353920674989965),83
8,42.390183758151295,-71.00381821705885,POINT(-71.00381821705885 42.390183758151295),296
80,42.36625509534881,-71.0560812963179,POINT(-71.0560812963179 42.36625509534881),108
800,42.354369006877214,-71.12916324917582,POINT(-71.12916324917582 42.354369006877214),83
801,42.35447030890085,-71.1315853615269,POINT(-71.1315853615269 42.35447030890085),454
802,42.353804716804966,-71.13387185856027,POINT(-71.13387185856027 42.353804716804966),454
803,42.35482920203312,-71.13641910780221,POINT(-71.13641910780221 42.35482920203312),17
804,42.35573780724895,-71.14227461534907,POINT(-71.14227461534907 42.35573780724895),203
805,42.35907735108491,-71.1438793489623,POINT(-71.1438793489623 42.35907735108491),221
806,42.36149868562886,-71.14269036305166,POINT(-71.14269036305166 42.36149868562886),221
807,42.362293937549666,-71.13820239298018,POINT(-71.13820239298018 42.362293937549666),118
808,42.35905304739133,-71.14039211217387,POINT(-71.14039211217387 42.35905304739133),426
809,42.35839701744075,-71.13498110511858,POINT(-71.13498110511858 42.35839701744075),342
81,42.36745489572138,-71.05523294213916,POINT(-71.05523294213916 42.36745489572138),235
810,42.36068412145453,-71.13419520745457,POINT(-71.13419520745457 42.36068412145453),342
811,42.36246862751092,-71.13255158327509,POINT(-71.13255158327509 42.36246862751092),430
812,42.36472884754843,-71.12860007193541,POINT(-71.12860007193541 42.36472884754843),273
813,42.364915245999995,-71.1232176305714,POINT(-71.1232176305714 42.364915245999995),153
814,42.3602892092355,-71.12657455727829,POINT(-71.12657455727829 42.3602892092355),286
815,42.35962238246214,-71.13141152189405,POINT(-71.13141152189405 42.35962238246214),154
816,42.35349295663676,-71.14003709528404,POINT(-71.14003709528404 42.35349295663676),203
817,42.28840261638564,-71.06513504775111,POINT(-71.06513504775111 42.28840261638564),139
818,42.28113206288461,-71.10690295153847,POINT(-71.10690295153847 42.28113206288461),225
82,42.36738746341123,-71.05379202406557,POINT(-71.05379202406557 42.36738746341123),235
820,42.35872387708741,-71.12191289242716,POINT(-71.12191289242716 42.35872387708741),59
821,42.2580743444811,-71.15770194198119,POINT(-71.15770194198119 42.2580743444811),24
823,42.31259163578374,-71.06053875135102,POINT(-71.06053875135102 42.31259163578374),469
824,42.379695380270746,-71.0334541902708,POINT(-71.0334541902708 42.379695380270746),234
825,42.268847149268304,-71.14369947878046,POINT(-71.14369947878046 42.268847149268304),314
83,42.36657067429007,-71.05343519132718,POINT(-71.05343519132718 42.36657067429007),235
84,42.36405730101548,-71.0549669661351,POINT(-71.0549669661351 42.36405730101548),108
85,42.36454357496616,-71.05690435804043,POINT(-71.05690435804043 42.36454357496616),108
86,42.363907245767734,-71.05664102790273,POINT(-71.05664102790273 42.363907245767734),108
87,42.36589363734807,-71.05203602828732,POINT(-71.05203602828732 42.36589363734807),235
88,42.364247273420965,-71.0533116864736,POINT(-71.0533116864736 42.364247273420965),6
89,42.36318749299605,-71.05193512825917,POINT(-71.05193512825917 42.36318749299605),6
9,42.39240833152375,-71.00907705790472,POINT(-71.00907705790472 42.39240833152375),9
90,42.364080079751574,-71.05095228142865,POINT(-71.05095228142865 42.364080079751574),6
900,42.378381295646115,-71.05767506258066,POINT(-71.05767506258066 42.378381295646115),414
901,42.334153681001176,-71.09752156210016,POINT(-71.09752156210016 42.334153681001176),143
903,42.33592006943586,-71.08152822294224,POINT(-71.08152822294224 42.33592006943586),276
904,42.32986033740837,-71.08087834049739,POINT(-71.08087834049739 42.32986033740837),177
905,42.339607895476476,-71.07097513608164,POINT(-71.07097513608164 42.339607895476476),121
906,42.312127446454866,-71.10644808444587,POINT(-71.10644808444587 42.312127446454866),224
907,42.37113388278883,-71.0419722125708,POINT(-71.0419722125708 42.37113388278883),76
908,42.295421880947444,-71.0903867103948,POINT(-71.0903867103948 42.295421880947444),183
909,42.33395744049169,-71.08817341469245,POINT(-71.08817341469245 42.33395744049169),124
91,42.362160790420475,-71.0536517120723,POINT(-71.0536517120723 42.362160790420475),6
910,42.277114203894826,-71.13680264526333,POINT(-71.13680264526333 42.277114203894826),49
911,42.335485208165416,-71.09250892140047,POINT(-71.09250892140047 42.335485208165416),408
912,42.323480116933894,-71.10066382305754,POINT(-71.10066382305754 42.323480116933894),435
913,42.319249094232696,-71.04218886567055,POINT(-71.04218886567055 42.319249094232696),270
914,42.326650538172515,-71.05388160222627,POINT(-71.05388160222627 42.326650538172515),35
915,42.33120899697357,-71.05041667272661,POINT(-71.05041667272661 42.33120899697357),238
916,42.32488018425518,-71.10146576474175,POINT(-71.10146576474175 42.32488018425518),435
917,42.31506335399998,-71.11549436311111,POINT(-71.11549436311111 42.31506335399998),274
918,42.317758313650785,-71.06149444523807,POINT(-71.06149444523807 42.317758313650785),185
919,42.28743680119402,-71.05785433343286,POINT(-71.05785433343286 42.28743680119402),295
92,42.35929603489218,-71.05841528007598,POINT(-71.05841528007598 42.35929603489218),78
920,42.308477302696595,-71.08921756078655,POINT(-71.08921756078655 42.308477302696595),131
921,42.33092431807233,-71.04139572614463,POINT(-71.04139572614463 42.33092431807233),27
922,42.272822698245605,-71.07981497192978,POINT(-71.07981497192978 42.272822698245605),398
923,42.258665658999995,-71.11639107100001,POINT(-71.11639107100001 42.258665658999995),162
924,42.34429972020622,-71.1436212055669,POINT(-71.1436212055669 42.34429972020622),246
925,42.33294505499989,-71.05284797944454,POINT(-71.05284797944454 42.33294505499989),181
926,42.3437459657143,-71.15311984464284,POINT(-71.15311984464284 42.3437459657143),309
927,42.29380944972972,-71.07001133729723,POINT(-71.07001133729723 42.29380944972972),212
93,42.36028201936165,-71.05612587217375,POINT(-71.05612587217375 42.36028201936165),373
930,42.315090764818315,-71.0974894897729,POINT(-71.0974894897729 42.315090764818315),496
932,42.26762239868424,-71.14956277649111,POINT(-71.14956277649111 42.26762239868424),446
933,42.28419534090914,-71.07157957102278,POINT(-71.07157957102278 42.28419534090914),291
935,42.27278005174234,-71.06791243840908,POINT(-71.06791243840908 42.27278005174234),42
936,42.338494947917994,-71.05409586275216,POINT(-71.05409586275216 42.338494947917994),462
937,42.33687293828943,-71.08015942171055,POINT(-71.08015942171055 42.33687293828943),137
938,42.34607932297258,-71.14364146281119,POINT(-71.14364146281119 42.34607932297258),246
939,42.35552938611924,-71.15211814026686,POINT(-71.15211814026686 42.35552938611924),3
94,42.359889484495376,-71.0542223931506,POINT(-71.0542223931506 42.359889484495376),373
940,42.24379269182417,-71.11963140021963,POINT(-71.11963140021963 42.24379269182417),46
941,42.29294137150727,-71.1193944377393,POINT(-71.1193944377393 42.29294137150727),271
942,42.392726686524256,-71.00851943284871,POINT(-71.00851943284871 42.392726686524256),9
943,42.27832352799399,-71.08278171812391,POINT(-71.08278171812391 42.27832352799399),214
944,42.290656706219146,-71.08503705373151,POINT(-71.08503705373151 42.290656706219146),44
945,42.290738529173495,-71.08642737165277,POINT(-71.08642737165277 42.290738529173495),44
946,42.304813028904064,-71.11571126993148,POINT(-71.11571126993148 42.304813028904064),260
948,42.31920288689445,-71.10065315080737,POINT(-71.10065315080737 42.31920288689445),43
949,42.30833839628322,-71.06478566690261,POINT(-71.06478566690261 42.30833839628322),116
950,42.281954225,-71.080875615,POINT(-71.080875615 42.281954225),25
951,42.263618417021284,-71.10236747670204,POINT(-71.10236747670204 42.263618417021284),105
952,42.34006593443041,-71.07906496291146,POINT(-71.07906496291146 42.34006593443041),210
953,42.33722880031742,-71.07598614571437,POINT(-71.07598614571437 42.33722880031742),13
954,42.36293962816908,-71.05229581669025,POINT(-71.05229581669025 42.36293962816908),6
956,42.34266942743355,-71.14098773407063,POINT(-71.14098773407063 42.34266942743355),28
957,42.27698837262635,-71.12018225252515,POINT(-71.12018225252515 42.27698837262635),99
958,42.32445139705891,-71.05810670588247,POINT(-71.05810670588247 42.32445139705891),415
959,42.2869309852,-71.06397599096002,POINT(-71.06397599096002 42.2869309852),139
96,42.358336134149646,-71.05048643693878,POINT(-71.05048643693878 42.358336134149646),311
960,42.33353758846154,-71.03531817653847,POINT(-71.03531817653847 42.33353758846154),158
961,42.256671018431355,-71.12555816647055,POINT(-71.12555816647055 42.256671018431355),19
962,42.34186752500004,-71.0727221211539,POINT(-71.0727221211539 42.34186752500004),306
97,42.35806389378435,-71.058972332854,POINT(-71.058972332854 42.35806389378435),222
98,42.35690965179872,-71.05806450032904,POINT(-71.05806450032904 42.35690965179872),222
99,42.35788602496696,-71.05611079052977,POINT(-71.05611079052977 42.35788602496696),85
